{
  "xi_0": [
    919.042875400633,
    918.2608639756108,
    917.4775833198647,
    0.7820114250221195,
    0.7832806557461254,
    0.7848587138347511,
    0.0,
    0.0,
    0.0,
    0.0,
    0.0
  ],
  "P_0": [
    [
      0.8379682887125387,
      0.6075597692063992,
      0.38323604144712387,
      0.20111914156932403,
      0.20109769586145443,
      0.09580901036178097,
      -0.3810767246352893,
      -0.012339999216528435,
      0.09011550974064868,
      0.09921047650906485,
      -0.08865154932465943
    ],
    [
      0.6075597692063992,
      0.6471900403029649,
      0.3445352482440131,
      -0.04394466300768591,
      -0.04396394303744699,
      0.08613381206100328,
      0.14789426468381883,
      -0.011093854005336686,
      0.08101526516632164,
      0.08919178379827203,
      -0.07969914165289199
    ],
    [
      0.38323604144712387,
      0.3445352482440131,
      0.6499309478780511,
      0.04291399650779133,
      0.04293282434883525,
      -0.08751726303048722,
      -0.14395795708041126,
      0.010833661688558151,
      -0.0822644967120879,
      -0.09050351390766709,
      0.08097924121133998
    ],
    [
      0.20111914156932403,
      -0.043944663007685916,
      0.04291399650779134,
      0.24463537529743618,
      0.24452401892812567,
      0.010728499126947835,
      -0.47870137695055137,
      -0.0013818081443608527,
      0.010090952447231152,
      0.011109388423827943,
      -0.009927021121925532
    ],
    [
      0.20109769586145443,
      -0.04396394303744699,
      0.04293282434883524,
      0.24452401892812567,
      0.24452161642755313,
      0.01073320608720881,
      -0.47847673356105186,
      -0.0013824143909519965,
      0.010095379693913328,
      0.011114262493277542,
      -0.009931376446316937
    ],
    [
      0.09580901036178097,
      0.08613381206100328,
      -0.08751726303048722,
      0.010728499126947833,
      0.010733206087208812,
      0.2281206842423782,
      -0.035989489270102815,
      0.0027084154221395378,
      -0.020566124178021974,
      -0.022625878476916772,
      0.020244810302834995
    ],
    [
      -0.3810767246352893,
      0.14789426468381794,
      -0.14395795708041081,
      -0.4787013769505513,
      -0.47847673356105197,
      -0.035989489270102704,
      2.1012021348741072,
      0.1292612613805957,
      -0.06024658397146565,
      -0.07161978365070532,
      0.03330087609871146
    ],
    [
      -0.012339999216528433,
      -0.011093854005336688,
      0.010833661688558151,
      -0.0013818081443608527,
      -0.0013824143909519965,
      0.0027084154221395378,
      0.1292612613805957,
      0.24965116178466898,
      0.002547466417134607,
      0.0028045711316746005,
      -0.0025060818651692447
    ],
    [
      0.09011550974064868,
      0.08101526516632165,
      -0.08226449671208791,
      0.010090952447231152,
      0.01009537969391333,
      -0.020566124178021977,
      -0.06024658397146565,
      0.002547466417134607,
      0.1976403867057978,
      0.21005530033860528,
      0.019029721370676884
    ],
    [
      0.09921047650906485,
      0.08919178379827203,
      -0.09050351390766709,
      0.011109388423827941,
      0.011114262493277542,
      -0.022625878476916772,
      -0.07161978365070532,
      0.0028045711316746005,
      0.21005530033860528,
      0.2266010539081953,
      0.020935600673005973
    ],
    [
      -0.08865154932465943,
      -0.079699141652892,
      0.08097924121133998,
      -0.00992702112192553,
      -0.009931376446316939,
      0.020244810302834995,
      0.03330087609871146,
      -0.0025060818651692447,
      0.01902972137067688,
      0.020935600673005973,
      0.2312675885874082
    ]
  ],
  "fixed_param": [
    0.0667
  ],
  "detrend_y": 0,
  "smoother": 0,
  "states_smoother": [
    1,
    2,
    3,
    4,
    5,
    6,
    7,
    8,
    9,
    10,
    11
  ],
  "recent_data": 3,
  "set_covid_2022": 1,
  "restrict_af": 1,
  "sample_end_decimal": null,
  "start_idx": 125,
  "end_idx": 268,
  "last_quarter": "2026-03-31"
}