{
  "xi_0": [
    919.042872321202,
    918.2608613549436,
    917.4775811263116,
    0.78201096625844,
    0.783280228631952,
    0.7848583174204578,
    0.0,
    0.0,
    0.0,
    0.0,
    0.0
  ],
  "P_0": [
    [
      0.837906273369436,
      0.6075439524139463,
      0.38322340336705807,
      0.20111989084276855,
      0.20109847778703283,
      0.09580585084176452,
      -0.38061181967738733,
      -0.012341868593338712,
      0.09010647685055323,
      0.09922737023963703,
      -0.08860345336474744
    ],
    [
      0.6075439524139463,
      0.6471796846993305,
      0.34452011336865396,
      -0.04394350814788767,
      -0.04396275861204206,
      0.08613002834216349,
      0.14818507190849495,
      -0.011095413092204657,
      0.08100625730853027,
      0.08920599458141487,
      -0.07965503027704966
    ],
    [
      0.38322340336705807,
      0.34452011336865396,
      0.6499275159861131,
      0.04290972416377153,
      0.04292852175508148,
      -0.08751812100347173,
      -0.14422719982118792,
      0.01083439022818407,
      -0.08225820929867159,
      -0.09052172423012252,
      0.0809387702814603
    ],
    [
      0.20111989084276855,
      -0.04394350814788767,
      0.04290972416377153,
      0.24463564727087994,
      0.24452447107637335,
      0.010727431040942882,
      -0.47861039169686953,
      -0.0013819254574555097,
      0.010089269165336324,
      0.011110540350796488,
      -0.009920974842440228
    ],
    [
      0.20109847778703283,
      -0.043962758612042074,
      0.042928521755081495,
      0.24452447107637335,
      0.24452207239502738,
      0.010732130438770374,
      -0.4783861197180143,
      -0.0013825308416772991,
      0.010093689001680702,
      0.011115407578466142,
      -0.009925320953586803
    ],
    [
      0.09580585084176452,
      0.08613002834216349,
      -0.08751812100347173,
      0.010727431040942882,
      0.01073213043877037,
      0.22812046974913208,
      -0.03605679995529698,
      0.0027085975570460175,
      -0.020564552324667897,
      -0.02263043105753063,
      0.020234692570365077
    ],
    [
      -0.3806118196773882,
      0.1481850719084945,
      -0.14422719982118748,
      -0.4786103916968696,
      -0.47838611971801426,
      -0.03605679995529687,
      2.103755035712595,
      0.12926390919439873,
      -0.06054568092445434,
      -0.07189245720675874,
      0.03334615751805958
    ],
    [
      -0.012341868593338712,
      -0.011095413092204657,
      0.01083439022818407,
      -0.0013819254574555097,
      -0.001382530841677299,
      0.0027085975570460175,
      0.12926390919439873,
      0.24965107397066477,
      0.002547466370029233,
      0.0028053298442814755,
      -0.0025049732894285473
    ],
    [
      0.09010647685055324,
      0.08100625730853028,
      -0.08225820929867159,
      0.010089269165336328,
      0.0100936890016807,
      -0.020564552324667897,
      -0.06054568092445434,
      0.0025474663700292333,
      0.19738723620436513,
      0.20993496436463588,
      0.019018570753836665
    ],
    [
      0.09922737023963703,
      0.08920599458141487,
      -0.0905217242301225,
      0.011110540350796486,
      0.011115407578466137,
      -0.022630431057530626,
      -0.07189245720675885,
      0.0028053298442814755,
      0.20993496436463588,
      0.22659185117574315,
      0.020929142899025862
    ],
    [
      -0.08860345336474745,
      -0.07965503027704968,
      0.08093877028146032,
      -0.00992097484244023,
      -0.009925320953586801,
      0.02023469257036508,
      0.03334615751805947,
      -0.0025049732894285477,
      0.019018570753836665,
      0.020929142899025865,
      0.23128649113017655
    ]
  ],
  "fixed_param": [
    0.0667
  ],
  "detrend_y": 0,
  "smoother": 0,
  "states_smoother": [
    1,
    2,
    3,
    4,
    5,
    6,
    7,
    8,
    9,
    10,
    11
  ],
  "recent_data": 3,
  "set_covid_2022": 1,
  "restrict_af": 1,
  "sample_end_decimal": null,
  "start_idx": 125,
  "end_idx": 268,
  "last_quarter": "2026-03-31"
}