{
  "target_quarter": "2026Q2",
  "survey_quarter": "2026Q2",
  "gdp": {
    "p25": 1.7948,
    "p50": 2.1028,
    "p75": 2.8
  },
  "corepce": {
    "p25": 3.1,
    "p50": 3.4,
    "p75": 3.6739
  },
  "fcistar": {
    "p25": {
      "p25": -0.833994,
      "p50": -0.788889,
      "p75": -0.686787
    },
    "p50": {
      "p25": -0.816251,
      "p50": -0.771146,
      "p75": -0.669044
    },
    "p75": {
      "p25": -0.800052,
      "p50": -0.754946,
      "p75": -0.652844
    }
  }
}