{
  "target_quarter": "2026Q2",
  "survey_quarter": "2026Q2",
  "gdp": {
    "p25": 1.7948,
    "p50": 2.1028,
    "p75": 2.8
  },
  "corepce": {
    "p25": 3.1,
    "p50": 3.4,
    "p75": 3.6739
  },
  "fcistar": {
    "p25": {
      "p25": -0.799563,
      "p50": -0.75407,
      "p75": -0.651089
    },
    "p50": {
      "p25": -0.781832,
      "p50": -0.736338,
      "p75": -0.633357
    },
    "p75": {
      "p25": -0.765643,
      "p50": -0.720149,
      "p75": -0.617168
    }
  }
}